ACS,KpR,DpR,ApR,KAST,ADR,HS,FK,FD,W/L
1091,201,175,72,369,721,135,26,27,1
962,175,201,64,350,633,129,27,26,0
1059,258,244,109,375,694,135,43,26,1
997,244,258,89,349,638,154,26,43,0
1027,161,120,58,366,698,139,22,21,1
825,120,161,33,317,560,141,21,22,0
774,94,148,46,302,543,125,13,24,0
1127,148,94,68,413,708,111,24,13,1
1066,170,131,40,388,690,155,23,19,1
898,131,170,49,336,594,160,19,23,0
995,235,253,82,331,653,144,30,36,0
1080,253,235,96,368,739,135,36,30,1
945,225,234,102,357,627,130,35,35,0
971,234,226,88,360,639,149,34,34,1
1065,232,191,82,391,675,128,36,25,1
908,191,232,92,313,609,134,25,36,0
924,139,159,63,325,624,154,21,23,0
990,159,139,55,361,662,138,23,21,1
1031,164,133,65,389,691,165,26,18,1
878,133,164,55,348,580,126,18,26,0
1007,242,219,92,378,661,143,35,32,1
928,219,242,75,331,593,146,32,35,0
886,121,169,43,317,586,124,14,27,0
1126,169,121,90,425,748,122,27,14,1
1093,152,90,46,388,710,152,25,12,1
779,90,152,35,265,514,145,12,25,0
1040,245,216,96,363,689,121,36,32,0
938,216,245,87,333,623,151,32,36,1
927,107,151,49,326,607,117,13,22,0
1192,151,107,75,426,768,125,22,13,1
1168,154,102,63,395,778,156,20,16,1
841,102,154,35,306,548,156,16,20,0
973,167,180,56,369,627,127,29,20,0
1027,180,167,88,380,659,122,20,29,1
960,156,180,78,351,626,142,27,20,0
1048,180,156,68,392,714,130,20,27,1
942,247,289,97,346,621,132,36,40,0
1061,289,247,108,392,708,143,40,36,1
1026,164,170,99,372,682,126,22,25,0
1019,170,164,69,358,691,158,25,22,1
930,205,230,99,336,614,130,29,35,0
1029,230,205,82,366,675,144,35,29,1
1110,232,194,104,383,752,155,29,30,1
944,192,233,98,350,618,174,30,29,0
1030,171,159,62,385,702,162,21,26,1
963,158,171,59,341,630,143,26,21,0
1015,151,126,68,376,684,148,24,19,1
861,126,151,50,343,567,128,19,24,0
1169,146,89,49,419,763,148,23,11,1
805,89,146,54,334,540,114,11,23,0
1059,227,191,99,390,680,134,34,26,1
933,191,227,74,331,628,141,26,34,0
1044,153,126,55,343,683,148,17,23,1
922,126,153,39,334,625,162,23,17,0
906,128,155,42,334,597,170,17,24,0
1059,155,128,81,405,688,116,24,17,1
879,134,175,69,318,579,114,17,27,0
1105,175,134,75,379,706,151,27,17,1
957,207,215,88,338,635,115,28,33,1
1009,215,208,86,359,671,146,33,28,0
1011,267,263,121,379,697,140,41,34,1
1046,263,267,129,360,690,123,34,41,0
962,245,248,79,352,647,131,43,30,0
974,248,245,104,347,645,132,30,43,1
1026,179,166,63,363,683,144,28,21,1
994,165,179,83,352,664,121,21,28,0
819,117,146,41,319,534,122,17,23,0
978,146,118,53,361,627,112,24,18,1
1096,151,103,51,400,703,148,25,12,1
827,102,151,34,307,547,142,12,25,0
1101,182,151,98,391,710,165,28,19,1
881,151,182,49,318,597,176,19,28,0
936,143,160,58,341,626,112,21,22,0
994,160,143,80,378,666,144,22,21,1
948,257,319,115,322,640,153,40,40,0
1093,319,257,140,382,716,139,40,40,1
1199,144,103,62,-1,-1,-1,-1,-1,1
920,102,144,45,-1,-1,-1,-1,-1,0
1070,159,131,56,-1,-1,-1,-1,-1,1
921,130,160,58,-1,-1,-1,-1,-1,0
988,174,190,55,-1,-1,-1,-1,-1,0
1040,190,174,76,-1,-1,-1,-1,-1,1
1097,160,136,84,-1,-1,-1,-1,-1,1
962,136,160,54,-1,-1,-1,-1,-1,0
886,125,148,55,-1,-1,-1,-1,-1,0
995,148,125,62,-1,-1,-1,-1,-1,1
1031,173,171,71,-1,-1,-1,-1,-1,0
1026,171,173,70,-1,-1,-1,-1,-1,1
1046,168,154,53,-1,-1,-1,-1,-1,1
953,154,168,47,-1,-1,-1,-1,-1,0
1004,246,252,106,-1,-1,-1,-1,-1,0
1009,252,247,73,-1,-1,-1,-1,-1,1
1034,248,243,104,-1,-1,-1,-1,-1,0
1025,243,250,96,-1,-1,-1,-1,-1,1
1022,252,244,115,-1,-1,-1,-1,-1,0
1008,244,252,108,-1,-1,-1,-1,-1,1
1163,149,93,71,-1,-1,-1,-1,-1,1
824,93,149,38,-1,-1,-1,-1,-1,0
926,219,236,69,-1,-1,-1,-1,-1,1
1015,236,220,77,-1,-1,-1,-1,-1,0
975,153,162,52,-1,-1,-1,-1,-1,0
1043,162,153,73,-1,-1,-1,-1,-1,1
1090,284,246,122,-1,-1,-1,-1,-1,1
956,246,284,110,-1,-1,-1,-1,-1,0
1142,152,114,74,-1,-1,-1,-1,-1,1
913,114,152,39,-1,-1,-1,-1,-1,0
996,267,272,117,-1,-1,-1,-1,-1,0
997,272,267,112,-1,-1,-1,-1,-1,1
1073,164,125,61,-1,-1,-1,-1,-1,1
878,125,164,61,-1,-1,-1,-1,-1,0
1056,166,150,76,-1,-1,-1,-1,-1,1
953,150,166,63,-1,-1,-1,-1,-1,0
987,333,349,96,-1,-1,-1,-1,-1,0
1041,349,333,136,-1,-1,-1,-1,-1,1
1018,158,132,73,396,682,130,27,17,1
891,132,158,59,341,576,129,17,27,0
1021,240,228,102,382,662,127,32,36,1
951,228,240,95,369,630,125,36,32,0
960,154,148,97,372,613,140,22,24,1
972,148,154,79,364,631,124,24,22,0
994,218,220,110,354,663,132,32,30,1
1020,220,219,66,364,657,123,30,32,0
973,229,237,98,343,658,153,39,29,0
1015,237,229,96,359,661,141,29,39,1
942,147,157,59,332,637,134,25,21,0
975,157,147,58,347,653,148,21,25,1
1068,218,183,108,379,723,133,32,26,1
901,183,218,82,345,602,130,26,32,0
1063,173,153,77,382,704,117,25,21,1
963,153,173,69,358,637,132,21,25,0
1026,240,214,109,380,671,140,42,24,1
939,214,240,89,352,639,138,25,43,0
981,179,185,69,361,659,156,22,30,0
1018,185,179,75,346,666,156,30,22,1
964,159,171,80,365,637,129,26,22,0
1015,171,159,71,369,665,150,22,26,1
971,191,210,89,355,642,130,22,35,0
1045,209,191,105,387,676,107,35,22,1
1059,155,130,79,395,721,126,21,21,1
895,130,155,61,340,587,145,21,21,0
900,117,151,38,313,591,153,15,24,0
1105,151,117,73,392,716,128,24,15,1
950,241,263,79,349,641,166,37,36,0
1023,263,241,98,366,679,147,36,37,1
973,220,225,95,342,651,125,30,35,0
975,225,220,88,359,632,136,35,30,1
957,188,215,74,330,638,149,26,32,0
1021,215,188,87,382,659,135,32,26,1
944,214,242,92,349,603,145,24,43,0
1064,242,214,116,373,692,129,43,24,1
960,336,369,151,346,644,141,49,51,0
1067,369,336,179,382,689,115,51,49,1
1083,170,149,61,367,740,160,17,27,1
986,149,170,55,345,668,155,27,17,0
965,212,224,82,326,637,129,34,28,1
991,224,213,86,363,675,139,29,35,0
1024,236,223,102,362,692,143,40,24,1
981,222,237,86,343,635,153,25,41,0
1008,224,234,111,353,671,112,30,34,1
1026,232,224,120,384,649,132,34,30,0
1027,161,123,90,402,649,98,22,23,1
814,123,161,57,328,529,113,23,22,0
967,198,220,82,364,650,141,26,32,0
1061,220,198,69,374,690,151,32,26,1
868,128,166,38,296,599,173,22,20,0
1103,166,128,70,384,710,119,20,22,1
982,226,233,101,349,663,159,33,33,0
999,233,226,109,360,640,142,33,33,1
1126,135,79,45,416,784,153,22,9,1
778,79,135,28,259,540,150,9,22,0
1004,237,229,126,375,649,134,35,33,0
972,229,237,91,340,648,144,33,35,1
1073,169,143,70,395,731,117,27,16,1
963,143,169,71,343,655,160,16,27,0
1015,234,253,116,346,654,113,33,36,1
1024,253,234,103,367,699,130,36,33,0
997,194,175,79,367,669,123,29,25,1
940,175,194,97,357,608,126,25,29,0
1040,166,153,79,363,668,132,29,16,1
969,153,166,61,338,644,132,16,29,0
1106,306,255,159,388,701,124,44,35,1
925,255,306,111,310,599,139,35,44,0
971,376,400,151,345,644,122,45,64,0
1039,400,377,201,388,677,123,65,46,1
945,188,227,74,322,660,155,29,29,0
1095,227,188,80,375,724,149,29,29,1
922,132,161,62,332,593,120,23,19,0
1080,161,133,70,383,695,135,19,23,1
891,189,209,63,360,591,151,31,31,0
984,208,189,73,361,644,159,30,30,1
954,164,186,66,360,628,134,20,29,0
1067,186,164,76,400,683,141,29,20,1
1023,243,233,105,376,669,129,38,30,0
992,233,243,83,358,659,156,30,38,1
908,122,148,48,339,583,155,21,19,0
1022,148,122,58,412,696,130,19,21,1
1017,156,125,69,382,646,116,23,20,1
988,125,156,53,372,626,153,20,23,0
965,218,228,125,360,629,113,38,27,0
991,228,218,89,385,661,145,27,38,1
945,216,257,95,342,628,141,28,39,0
1065,257,216,105,397,715,145,39,28,1
826,169,229,67,314,547,132,23,36,0
1094,229,169,99,411,697,140,36,23,1
1012,211,219,99,346,675,131,32,28,1
1054,219,211,101,379,683,148,28,32,0
829,90,137,35,314,553,160,13,20,0
1113,137,90,38,422,735,138,20,13,1
984,143,116,62,393,635,157,25,15,1
818,116,144,39,310,516,144,16,26,0
969,210,208,76,367,630,153,28,34,0
942,208,210,52,335,648,164,34,28,1
1042,157,120,57,398,699,155,24,16,1
871,120,157,51,321,580,127,16,24,0
990,225,225,103,372,632,122,30,35,0
981,225,225,101,358,635,140,35,30,1
904,202,230,98,342,606,140,30,35,0
1002,230,203,112,387,661,144,35,30,1
1008,210,172,80,390,657,118,31,28,1
836,172,210,83,350,567,134,28,31,0
1016,148,119,59,361,657,135,24,16,1
875,119,148,25,312,570,172,16,24,0
1135,175,139,79,412,730,139,29,13,1
938,139,176,52,342,631,129,14,30,0
931,153,166,55,365,602,123,22,25,0
1210,166,153,70,436,808,176,25,22,1
1019,168,143,77,347,672,124,22,25,1
893,143,168,55,330,605,127,25,22,0
1126,219,171,97,393,732,128,28,26,1
906,171,219,75,341,589,151,26,28,0
954,117,152,55,333,654,155,19,18,0
1110,152,117,79,405,728,152,18,19,1
889,108,150,38,328,596,132,13,24,0
1096,149,108,52,419,706,132,24,13,1
1042,239,204,88,384,704,156,38,27,1
907,204,239,91,315,600,123,27,38,0
1031,252,234,115,381,687,136,43,26,1
983,234,252,116,354,643,155,26,43,0
937,233,252,96,352,625,134,33,38,0
1176,252,233,95,437,783,200,38,33,1
860,116,146,42,342,566,110,20,19,0
1077,146,116,56,369,701,158,19,20,1
982,221,226,88,356,659,154,32,31,0
971,226,221,76,352,646,172,31,32,1
970,148,172,58,344,654,122,22,22,0
1088,172,148,80,396,710,139,22,22,1
1116,215,168,93,405,718,136,33,22,1
1028,168,215,83,414,716,157,22,33,0
1003,221,214,104,369,660,150,37,26,0
946,214,221,78,348,599,128,26,37,1
920,194,233,85,338,608,152,24,37,0
1054,232,194,108,406,693,138,37,24,1
855,99,148,27,307,557,143,14,20,0
1178,148,99,62,403,763,182,20,14,1
1048,240,218,113,370,692,129,40,26,1
943,218,240,105,342,619,147,26,40,0
916,202,243,79,340,625,146,22,39,0
1122,243,202,114,395,735,141,39,22,1
1012,395,376,162,359,661,144,59,52,1
985,375,395,160,347,665,142,52,59,0
1063,147,115,79,419,697,143,20,18,1
869,115,148,53,322,577,147,19,21,0
883,127,154,52,348,581,142,19,23,0
1016,154,127,62,392,673,155,23,19,1
906,120,140,51,342,583,141,15,24,0
983,140,120,58,383,653,164,24,15,1
945,160,179,61,360,630,107,24,25,0
1060,179,160,65,377,697,174,25,24,1
932,126,150,45,339,593,137,17,22,0
1044,150,126,51,381,679,149,22,17,1
939,144,163,51,332,630,154,23,21,0
1053,163,144,80,392,683,127,21,23,1
902,196,230,77,337,611,132,28,37,0
1026,230,196,100,370,658,139,37,28,1
1060,255,241,127,379,693,104,30,38,1
1002,241,255,124,358,665,164,38,30,0
991,223,234,91,362,666,139,35,30,0
1027,234,223,108,368,683,151,30,35,1
1048,127,87,44,374,712,149,19,14,1
815,87,127,26,295,551,145,14,19,0
980,190,173,75,369,632,134,21,34,1
889,173,190,63,368,581,172,34,21,0
1139,158,111,51,393,734,135,19,19,1
865,111,158,34,300,583,120,19,19,0
750,91,149,27,260,511,140,11,25,0
1121,149,92,54,402,768,116,25,11,1
984,201,211,108,356,642,151,25,34,0
1013,211,201,101,355,668,134,34,25,1
1098,164,131,86,390,720,165,27,16,1
895,131,164,57,342,588,128,16,27,0
998,224,218,119,368,641,102,34,30,1
967,218,224,96,352,631,118,30,34,0
972,253,234,118,355,640,134,34,39,1
919,234,253,99,344,610,153,39,34,0
1050,151,121,56,384,697,126,24,17,1
858,121,151,56,341,560,160,17,24,0
797,90,137,49,320,541,119,13,22,0
1070,137,90,79,425,704,179,22,13,1
898,105,144,51,333,609,131,15,21,0
1083,144,106,60,381,698,110,21,15,1
1011,164,176,72,365,675,136,23,25,0
1034,176,164,74,363,676,129,25,23,1
1003,225,229,110,360,665,160,31,33,1
1029,229,225,112,382,690,135,33,31,0
1073,265,226,114,376,697,124,38,31,1
924,226,266,77,320,652,143,31,38,0
999,236,219,120,384,667,155,30,38,1
938,219,236,121,376,608,118,38,30,0
929,141,165,51,342,624,160,18,25,0
1071,165,141,70,380,703,158,25,18,1
1003,230,215,102,386,659,131,40,26,0
919,214,230,83,351,634,160,26,40,1
866,165,218,69,331,581,98,29,26,0
1069,218,165,71,406,696,138,26,29,1
956,190,182,66,345,647,174,33,23,1
925,182,191,92,348,606,126,23,33,0
1170,139,90,54,416,763,142,12,20,1
842,90,139,40,294,560,141,20,12,0
867,116,160,50,309,584,159,18,23,0
1088,160,116,67,394,713,132,23,18,1
1053,250,233,119,387,692,114,32,36,1
967,233,250,86,356,665,149,36,32,0
1013,163,176,75,386,697,154,20,26,0
1061,176,163,79,403,705,182,26,20,1
849,131,165,50,336,571,158,29,17,0
1026,163,131,73,370,672,122,17,29,1
987,171,181,73,339,661,121,21,30,0
1037,181,171,75,356,678,181,30,21,1
885,138,169,53,319,600,108,25,20,0
1064,169,138,80,367,691,170,20,25,1
982,133,162,77,363,652,135,21,18,0
1188,162,133,80,398,755,116,18,21,1
1065,346,307,162,385,724,144,52,41,1
945,307,346,139,343,626,131,41,52,0
909,340,387,170,347,617,175,52,55,0
1029,387,340,177,372,668,130,55,52,1
974,246,255,110,363,668,149,33,41,1
996,254,246,98,367,655,134,41,33,0
1113,151,126,45,385,737,148,23,15,1
949,126,151,57,339,626,142,15,23,0
1138,154,110,75,394,728,121,24,13,1
882,110,154,51,314,614,151,13,24,0
1067,156,127,79,374,698,146,20,22,1
887,127,156,48,336,602,133,22,20,0
1050,241,198,100,382,722,156,38,26,1
896,198,241,66,323,614,153,26,38,0
936,135,153,75,357,610,126,20,23,0
1008,152,135,68,358,670,124,23,20,1
893,180,212,66,347,613,130,28,31,0
1000,212,180,72,381,675,143,31,28,1
1029,150,121,50,381,706,161,20,20,1
900,121,150,42,337,594,135,20,20,0
1128,148,106,54,401,750,179,21,15,1
862,106,148,47,320,561,129,15,21,0
1083,229,191,91,378,691,139,30,30,1
944,190,229,76,331,638,172,30,30,0
1153,151,94,75,428,734,148,22,14,1
789,94,151,48,267,525,159,14,22,0
1009,234,194,111,405,657,137,38,25,1
931,194,234,81,332,632,121,25,38,0
1072,153,111,51,369,708,168,21,19,1
834,111,153,28,279,554,175,19,21,0
786,86,146,35,256,502,152,10,24,0
1141,145,86,69,416,759,167,24,10,1
1134,139,75,49,442,706,121,24,8,1
717,75,139,31,256,486,137,8,24,0
831,107,165,53,302,571,122,17,22,0
1158,165,107,73,426,759,124,22,17,1
1029,246,255,124,345,666,124,37,33,0
1013,255,246,82,337,670,151,33,37,1
1096,151,106,48,390,714,141,19,19,1
799,106,151,48,290,547,120,19,19,0
909,193,229,54,325,607,145,25,37,0
1029,229,193,91,380,687,157,37,25,1
1013,156,127,63,373,686,130,21,21,1
900,127,156,57,326,589,148,21,21,0
1126,154,121,56,387,771,151,18,20,1
896,121,154,46,346,605,135,20,18,0
836,116,145,42,339,551,105,20,21,0
978,145,116,44,364,633,155,21,20,1
1093,204,185,103,397,737,119,32,20,1
1012,185,204,67,363,657,131,20,32,0
913,234,263,105,334,617,140,32,41,0
1056,263,234,124,361,692,158,41,32,1
1011,229,223,102,361,671,141,35,30,1
988,223,229,77,362,644,140,30,35,0
1022,146,119,62,398,709,126,28,12,1
845,118,146,45,326,571,152,12,28,0
887,121,173,53,329,573,131,18,23,0
1149,173,121,64,415,729,140,23,18,1
965,222,240,76,359,649,148,35,31,0
1041,240,222,87,353,680,156,31,35,1
1133,194,161,68,383,757,145,31,17,1
975,161,194,61,336,649,146,17,31,0
833,114,151,55,327,565,116,15,26,0
1053,151,114,64,390,713,147,26,15,1
885,144,176,50,326,594,142,24,23,0
1078,176,144,81,394,708,121,23,24,1
1106,146,102,49,402,723,137,24,12,1
835,102,146,45,317,537,123,12,24,0
882,118,159,46,307,580,135,16,23,0
1116,159,118,74,393,750,135,23,16,1
953,215,243,107,352,641,139,36,29,0
1058,243,215,81,356,677,140,29,36,1
927,199,231,102,326,616,122,28,35,0
1039,231,199,120,380,672,116,35,28,1
1003,222,232,78,356,668,150,33,30,0
1019,232,222,87,356,674,144,30,33,1
1001,420,428,177,358,662,142,61,58,1
1020,428,420,154,359,686,157,58,61,0
1065,243,201,82,387,706,157,36,27,1
926,201,243,80,351,625,147,27,36,0
1011,195,180,90,-1,-1,-1,-1,-1,1
967,180,195,58,-1,-1,-1,-1,-1,0
1013,233,238,107,-1,-1,-1,-1,-1,0
1002,238,233,106,-1,-1,-1,-1,-1,1
971,238,245,84,-1,-1,-1,-1,-1,0
1006,245,238,113,-1,-1,-1,-1,-1,1
1021,227,206,104,-1,-1,-1,-1,-1,1
923,206,227,100,-1,-1,-1,-1,-1,0
864,115,159,46,-1,-1,-1,-1,-1,0
1107,159,116,70,-1,-1,-1,-1,-1,1
1078,158,128,69,-1,-1,-1,-1,-1,1
908,128,158,54,-1,-1,-1,-1,-1,0
927,195,208,89,-1,-1,-1,-1,-1,0
994,208,195,79,-1,-1,-1,-1,-1,1
1060,234,207,81,-1,-1,-1,-1,-1,1
949,207,234,75,-1,-1,-1,-1,-1,0
992,166,174,61,-1,-1,-1,-1,-1,0
1029,174,166,57,-1,-1,-1,-1,-1,1
978,217,198,85,-1,-1,-1,-1,-1,1
896,198,217,96,-1,-1,-1,-1,-1,0
1015,198,190,78,-1,-1,-1,-1,-1,1
974,190,198,83,-1,-1,-1,-1,-1,0
946,132,154,62,-1,-1,-1,-1,-1,0
1069,154,132,77,-1,-1,-1,-1,-1,1
916,141,167,48,-1,-1,-1,-1,-1,0
1079,167,141,75,-1,-1,-1,-1,-1,1
853,102,155,45,-1,-1,-1,-1,-1,0
1157,155,102,72,-1,-1,-1,-1,-1,1
979,147,154,57,-1,-1,-1,-1,-1,0
965,154,147,62,-1,-1,-1,-1,-1,1
994,222,225,101,-1,-1,-1,-1,-1,1
1003,225,222,83,-1,-1,-1,-1,-1,0
1027,251,243,106,-1,-1,-1,-1,-1,1
996,243,251,103,-1,-1,-1,-1,-1,0
1155,155,107,51,-1,-1,-1,-1,-1,1
897,107,155,33,-1,-1,-1,-1,-1,0
970,221,221,87,-1,-1,-1,-1,-1,1
1005,221,221,97,-1,-1,-1,-1,-1,0
976,144,170,55,-1,-1,-1,-1,-1,0
1083,170,144,76,-1,-1,-1,-1,-1,1
1017,236,230,107,-1,-1,-1,-1,-1,0
985,230,236,111,-1,-1,-1,-1,-1,1
1002,208,190,75,-1,-1,-1,-1,-1,1
914,190,208,61,-1,-1,-1,-1,-1,0
1058,267,246,120,-1,-1,-1,-1,-1,1
973,245,267,86,-1,-1,-1,-1,-1,0
1044,163,148,60,-1,-1,-1,-1,-1,1
961,146,163,55,-1,-1,-1,-1,-1,0
1053,147,98,45,-1,-1,-1,-1,-1,1
809,98,147,36,-1,-1,-1,-1,-1,0
875,104,149,39,-1,-1,-1,-1,-1,0
1190,149,104,66,-1,-1,-1,-1,-1,1
891,134,172,62,-1,-1,-1,-1,-1,0
1086,172,134,69,-1,-1,-1,-1,-1,1
891,104,135,35,-1,-1,-1,-1,-1,0
1085,135,104,47,-1,-1,-1,-1,-1,1
1096,152,108,69,-1,-1,-1,-1,-1,1
848,108,152,25,-1,-1,-1,-1,-1,0
990,186,207,69,-1,-1,-1,-1,-1,0
1082,207,186,82,-1,-1,-1,-1,-1,1
1082,165,139,66,-1,-1,-1,-1,-1,1
955,139,165,55,-1,-1,-1,-1,-1,0
1142,166,133,77,-1,-1,-1,-1,-1,1
952,133,166,64,-1,-1,-1,-1,-1,0
1091,169,144,71,-1,-1,-1,-1,-1,1
941,144,169,48,-1,-1,-1,-1,-1,0
1172,162,118,71,-1,-1,-1,-1,-1,1
908,118,162,46,-1,-1,-1,-1,-1,0
1056,182,172,70,-1,-1,-1,-1,-1,1
995,172,182,68,-1,-1,-1,-1,-1,0
999,205,227,104,-1,-1,-1,-1,-1,0
1059,227,205,101,-1,-1,-1,-1,-1,1
1013,264,243,111,-1,-1,-1,-1,-1,1
965,243,265,86,-1,-1,-1,-1,-1,0
1011,308,332,127,-1,-1,-1,-1,-1,0
1032,331,309,120,-1,-1,-1,-1,-1,1
955,211,227,79,-1,628,138,35,26,1
1049,227,211,79,-1,678,168,26,35,0
1023,249,232,78,-1,675,182,39,30,1
948,231,249,112,-1,613,123,30,39,0
984,202,195,57,-1,659,140,25,33,1
940,195,202,73,-1,610,137,33,25,0
1108,149,99,67,-1,731,136,28,8,1
844,99,149,42,-1,585,145,8,28,0
941,242,276,98,-1,638,178,33,41,0
1048,275,243,108,-1,671,142,41,33,1
967,208,222,101,-1,638,115,32,30,1
1009,222,208,86,-1,652,166,30,32,0
1140,171,130,68,-1,749,145,20,22,1
874,130,171,44,-1,568,149,22,20,0
1039,172,180,62,-1,727,134,26,23,0
1035,180,172,91,-1,674,129,23,26,1
990,241,245,98,-1,672,167,33,35,0
1015,244,241,103,-1,682,176,35,33,1
1087,237,218,85,-1,702,145,30,33,1
1002,217,237,77,-1,688,142,32,29,0
1148,141,81,50,-1,743,145,23,10,1
724,80,141,42,-1,513,121,10,23,0
984,238,246,100,-1,653,142,34,36,0
985,245,238,89,-1,646,140,36,34,1
927,197,229,87,-1,625,141,25,36,0
1063,229,198,101,-1,699,121,36,25,1
965,113,146,37,-1,624,146,13,22,0
1125,146,113,80,-1,724,139,22,13,1
982,196,182,82,-1,633,147,30,25,1
967,182,197,82,-1,654,120,25,30,0
1086,167,144,79,-1,710,127,18,25,1
962,144,167,54,-1,617,142,25,18,0
952,149,172,48,-1,627,132,20,26,0
1052,172,149,84,-1,668,130,26,20,1
1016,216,204,111,-1,648,104,29,32,1
944,204,216,83,-1,625,164,32,29,0
1059,247,247,93,-1,710,158,29,38,1
1036,247,247,103,-1,698,144,38,29,0
1126,150,109,70,-1,723,181,27,10,1
868,109,150,57,-1,591,137,10,27,0
952,139,172,50,-1,632,122,20,24,0
1091,172,139,83,-1,715,135,24,20,1
790,120,162,45,-1,546,104,19,23,0
1139,162,120,82,-1,705,157,23,19,1
861,157,223,77,-1,577,115,16,39,0
1114,223,157,76,-1,713,165,39,16,1
1046,353,300,142,-1,677,122,51,45,1
893,300,354,136,-1,592,160,45,51,0
979,204,187,93,371,651,145,33,26,1
930,187,204,82,327,590,124,26,33,0
949,235,246,83,336,624,183,38,32,0
993,245,235,132,366,642,122,32,38,1
1174,147,93,62,420,776,168,22,12,1
842,93,147,46,301,565,154,12,22,0
853,188,215,62,347,600,155,34,28,1
982,215,188,81,357,614,147,28,34,0
1044,202,181,74,372,687,128,32,23,1
928,181,202,63,320,621,147,23,32,0
816,104,145,37,307,532,170,17,20,0
1073,145,104,69,422,715,187,20,17,1
985,142,155,60,326,671,170,17,25,0
1061,155,142,68,367,679,151,25,17,1
1124,180,115,86,396,707,131,23,21,1
780,115,180,54,286,536,144,21,23,0
1114,166,137,87,393,722,156,20,22,1
953,137,166,69,340,620,122,22,20,0
997,208,190,86,370,672,120,28,30,1
955,190,208,79,331,633,145,30,28,0
1061,142,112,64,379,691,177,26,11,1
894,112,142,49,337,585,128,11,26,0
892,134,170,66,328,596,144,19,24,0
1096,170,134,85,395,728,147,24,19,1
963,160,164,62,389,635,125,19,28,0
967,164,160,68,384,643,145,28,19,1
1137,152,113,73,390,746,127,22,15,1
908,113,152,38,332,627,141,15,22,0
968,248,249,111,358,639,173,35,37,1
979,249,248,104,372,673,149,37,35,0
1068,148,110,62,379,701,123,18,20,1
873,110,148,57,326,593,149,20,18,0
1029,154,139,61,360,669,141,18,24,1
939,139,154,56,348,618,121,24,18,0
1175,164,120,73,399,726,152,20,19,1
887,120,164,56,318,590,171,19,20,0
963,213,215,94,339,640,173,39,24,0
976,215,213,105,364,625,102,24,39,1
986,217,181,95,390,645,152,39,22,1
871,181,217,78,330,586,120,22,39,0
1067,142,100,64,377,683,133,19,17,1
823,100,142,45,305,544,158,17,19,0
938,228,236,82,348,635,168,35,34,1
973,236,229,122,355,636,114,34,35,0
1117,148,95,61,400,750,153,23,14,1
750,95,148,30,295,482,133,14,23,0
989,231,234,98,376,665,138,36,29,1
1031,234,231,97,353,662,141,29,36,0
1012,229,218,105,375,644,115,33,32,1
944,218,229,98,361,628,129,32,33,0
1055,222,184,99,377,678,124,27,32,1
871,184,222,77,336,582,144,32,27,0
989,236,229,80,349,644,146,27,40,1
965,229,236,92,380,629,150,40,27,0
974,256,261,118,366,633,157,36,38,0
990,261,256,135,361,668,113,38,36,1
889,142,162,69,335,586,128,22,24,0
1040,162,142,50,347,689,151,24,22,1
921,135,163,77,323,588,102,16,27,0
1051,163,135,73,376,717,140,27,16,1
1033,170,156,91,391,684,170,26,21,1
959,156,170,59,347,637,132,21,26,0
1082,285,239,142,384,718,116,37,37,1
903,239,285,117,355,613,196,37,37,0
1063,310,253,145,374,704,136,44,37,1
904,252,311,126,332,610,114,37,44,0
876,162,214,91,332,586,139,28,26,0
1129,214,163,82,391,737,147,26,28,1
995,225,204,126,374,653,149,36,29,1
926,204,225,105,356,605,127,29,36,0
1042,248,223,95,381,662,128,35,33,0
932,222,248,101,353,613,145,33,35,1
1053,144,105,61,413,681,124,22,15,1
832,105,144,26,324,547,149,15,22,0
1102,198,164,101,390,749,146,29,21,1
941,164,198,57,342,639,139,21,29,0
1057,167,141,60,348,674,138,22,22,1
954,141,167,63,332,646,140,22,22,0
965,253,254,90,360,648,155,39,35,1
971,252,253,87,347,640,147,35,39,0
1106,220,169,81,382,719,164,32,24,1
899,169,221,77,325,578,129,24,32,0
1043,142,118,82,418,673,146,22,16,1
882,118,142,49,333,576,140,16,22,0
1031,235,224,90,373,680,149,37,28,1
993,223,235,110,363,665,165,28,37,0
917,169,202,74,333,611,137,25,27,0
1095,202,169,85,395,723,175,27,25,1
964,233,234,103,348,632,131,34,34,1
993,232,233,102,351,649,138,34,34,0
1078,167,135,61,370,670,172,26,17,1
897,135,167,66,355,570,133,17,26,0
912,137,155,66,363,598,170,21,23,0
1007,155,138,62,380,661,153,23,21,1
925,207,250,102,338,596,152,29,36,0
1056,250,207,111,387,720,134,36,29,1
937,215,236,87,350,619,141,32,34,0
1012,236,215,120,386,671,147,34,32,1
1089,149,114,50,388,723,154,22,16,1
880,114,149,40,329,588,139,16,22,0
1025,227,226,87,372,666,140,35,30,1
1001,226,230,100,358,679,150,30,35,0
999,226,229,117,373,655,137,39,24,1
1033,229,226,102,386,682,162,24,39,0
1182,146,79,60,419,765,139,19,14,1
686,79,146,40,290,469,189,14,19,0
1016,189,178,88,377,636,157,30,24,1
929,178,189,77,360,593,134,24,30,0
1041,222,194,104,358,685,144,35,26,1
917,194,222,72,328,615,168,26,35,0
990,221,235,111,355,656,124,32,33,0
1039,234,221,94,374,691,147,33,32,1
1118,240,193,114,394,727,156,37,23,1
929,193,240,74,325,625,160,23,37,0
1066,251,235,120,388,682,125,34,33,1
990,235,251,97,342,652,143,33,34,0
974,159,139,69,360,620,139,29,16,1
912,139,159,71,329,591,157,16,29,0
965,163,167,76,369,666,147,24,26,0
973,164,164,60,357,644,167,24,22,1
805,110,157,49,308,535,135,16,25,0
1077,157,110,69,390,723,125,25,16,1
1083,150,124,64,386,709,123,23,15,1
941,124,150,50,337,636,175,15,23,0
985,218,184,102,363,633,143,35,29,1
828,184,218,74,320,554,150,29,35,0
1176,144,86,63,426,768,149,17,15,1
828,86,144,30,291,570,151,15,17,0
997,374,381,145,350,658,129,55,54,1
994,380,375,178,356,646,138,54,55,0
1058,372,322,174,381,701,141,61,38,1
940,321,372,137,334,634,134,37,60,0
966,171,176,67,-1,622,151,24,26,0
995,176,171,68,-1,670,151,26,24,1
1123,160,118,61,-1,695,129,24,15,1
884,118,160,45,-1,575,136,15,24,0
1097,153,123,70,-1,730,133,25,13,1
945,122,153,47,-1,621,164,13,25,0
1018,227,231,98,-1,686,152,32,32,0
1015,231,227,108,-1,682,124,32,32,1
1000,222,224,98,-1,660,163,29,36,0
943,223,221,93,-1,606,117,36,29,1
927,134,159,61,-1,604,173,14,28,0
1071,159,134,73,-1,724,163,28,14,1
1002,228,239,96,-1,671,117,30,36,0
1028,239,228,110,-1,679,134,36,30,1
1000,214,219,97,-1,660,144,29,32,0
1037,219,214,113,-1,689,129,32,29,1
902,226,261,112,-1,599,129,32,39,0
1080,260,227,163,-1,700,128,39,32,1
876,148,172,57,-1,574,157,24,23,0
1022,172,148,65,-1,664,163,23,24,1
956,139,162,81,-1,616,127,20,22,0
1106,162,139,90,-1,706,129,22,20,1
1075,199,191,83,-1,727,140,22,32,1
1018,190,199,82,-1,684,140,32,22,0
1073,214,172,66,-1,706,153,33,22,1
909,172,214,74,-1,608,134,22,33,0
1024,237,251,112,-1,679,135,30,37,0
1051,251,237,110,-1,709,125,37,30,1
990,233,220,95,-1,638,131,39,26,0
979,220,233,115,-1,656,158,26,39,1
1049,174,164,99,-1,687,97,23,25,1
980,164,174,73,-1,653,161,25,23,0
1031,151,121,61,-1,671,144,26,15,1
862,121,151,45,-1,560,150,16,27,0
869,106,148,52,-1,569,160,11,25,0
1152,148,106,71,-1,734,141,25,11,1
1032,155,126,62,-1,669,173,21,20,1
917,126,155,58,-1,591,158,20,21,0
805,98,152,38,-1,578,120,14,22,0
1175,152,98,55,-1,756,144,22,14,1
832,105,166,58,-1,556,159,15,24,0
1148,166,105,75,-1,740,125,24,15,1
1012,245,248,108,-1,665,143,36,32,1
1030,248,245,105,-1,669,143,32,36,0
1068,174,147,59,-1,689,156,20,25,1
969,147,164,70,-1,636,113,25,20,0
1149,153,101,73,-1,741,130,19,18,1
831,101,153,42,-1,560,147,18,19,0
1003,218,208,94,-1,669,128,32,29,1
993,208,218,80,-1,674,177,29,32,0
1079,166,143,71,-1,676,122,24,19,1
950,143,166,51,-1,610,151,19,24,0
960,138,164,50,-1,635,151,20,22,0
1099,164,138,78,-1,685,122,22,20,1
866,119,163,70,-1,575,165,19,21,0
1114,163,119,68,-1,703,120,21,19,1
1032,226,206,90,-1,678,145,31,30,1
989,206,226,105,-1,656,141,30,31,0
812,89,147,37,-1,571,137,15,18,0
1177,147,89,71,-1,772,150,18,15,1
1088,248,207,92,-1,705,155,39,26,1
898,206,248,105,-1,589,121,26,39,0
945,366,392,140,-1,610,117,53,56,0
1013,392,366,154,-1,665,174,56,53,1
1012,378,373,150,-1,668,148,44,62,1
999,373,378,147,-1,652,159,62,44,0
927,132,153,60,345,629,144,21,21,0
1042,153,132,62,354,725,137,21,21,1
1106,182,140,93,388,729,140,25,21,1
880,140,183,76,320,581,113,22,26,0
1062,208,196,89,379,692,148,24,32,1
1015,196,208,87,365,687,144,32,24,0
1025,229,209,92,369,687,144,25,38,0
958,209,229,90,352,617,158,38,25,1
960,213,211,96,347,620,112,32,31,1
959,211,213,95,359,644,126,31,32,0
1205,158,97,74,446,798,182,22,13,1
834,97,158,38,311,550,151,13,22,0
1004,161,151,74,367,669,129,22,25,1
909,151,161,56,362,610,140,25,22,0
1035,241,219,93,372,672,141,34,32,1
955,219,241,74,331,651,136,32,34,0
1075,155,120,77,380,683,124,25,15,1
890,120,155,68,334,595,153,15,25,0
918,124,157,65,343,599,131,18,23,0
1085,157,124,69,400,713,131,23,18,1
1005,139,107,61,390,651,128,23,17,1
796,105,139,52,332,520,115,16,22,0
858,123,169,52,327,599,205,14,27,0
1163,169,123,71,402,751,144,27,14,1
995,234,251,90,335,664,150,33,36,0
1025,251,234,109,371,692,134,36,33,1
829,103,154,42,327,547,153,19,18,0
1132,154,104,63,419,743,163,18,19,1
1084,238,207,93,385,695,116,40,22,1
953,207,239,82,350,628,163,22,40,0
1006,228,247,106,363,665,104,28,37,1
1075,247,228,107,374,702,137,37,28,0
878,128,172,61,317,563,151,24,19,0
1085,172,128,67,397,700,143,19,24,1
927,138,171,40,313,599,158,19,24,0
1100,171,138,68,381,744,135,24,19,1
1024,231,217,122,380,650,114,34,31,0
949,217,231,78,360,639,128,31,34,1
970,223,250,105,346,632,164,28,38,0
1070,250,223,134,390,688,124,38,28,1
869,123,163,49,320,597,116,21,22,0
1054,163,123,56,383,720,164,22,21,1
876,112,147,38,316,599,157,11,26,0
1106,147,112,62,382,718,149,26,11,1
1108,154,110,50,379,742,143,19,19,1
855,110,154,29,316,593,160,19,19,0
894,188,207,89,326,618,148,26,32,1
1044,207,188,76,373,647,131,32,26,0
903,125,158,52,341,586,118,15,26,0
1069,158,125,80,390,676,114,26,15,1
1077,260,216,112,391,721,162,37,30,1
944,216,262,80,334,626,154,30,37,0
990,144,160,52,340,647,151,16,27,0
1037,160,144,78,375,682,122,27,16,1
1202,145,71,57,448,802,148,26,6,1
696,71,145,30,260,481,145,6,26,0
1109,166,131,61,395,731,109,25,14,1
924,131,168,57,327,605,144,16,27,0
1039,145,151,58,364,661,128,24,16,0
1047,151,145,58,366,677,127,16,24,1
977,242,246,95,353,660,151,39,32,1
1016,245,242,103,354,667,119,31,38,0
1074,398,351,162,394,711,133,64,42,1
932,350,399,147,329,625,137,42,64,0
906,302,374,166,337,609,101,44,53,0
1084,374,302,170,392,705,129,53,44,1
1054,155,119,64,407,686,139,21,20,1
847,118,155,60,329,551,116,20,21,0
992,266,260,105,354,658,141,42,34,0
968,260,266,114,346,647,163,34,42,1
998,190,183,72,353,663,120,25,28,1
1004,183,190,86,343,659,132,28,25,0
1046,146,115,60,372,688,147,22,17,1
868,115,147,55,323,565,128,17,22,0
1007,155,144,62,363,671,138,25,20,1
927,144,155,58,344,595,144,20,25,0
938,218,237,114,333,637,123,31,37,0
967,236,219,87,358,640,139,37,31,1
1112,170,144,71,372,720,120,28,15,1
985,144,170,69,342,639,135,15,28,0
1011,159,147,80,381,655,124,19,26,1
954,147,159,65,362,609,124,26,19,0
974,239,253,123,343,645,149,40,31,0
986,253,239,102,377,641,171,31,40,1
896,133,152,49,342,583,120,18,25,0
967,151,133,51,369,636,135,25,18,1
967,213,223,83,340,643,151,30,33,0
1025,223,213,99,363,662,134,33,30,1
984,239,223,82,334,633,136,39,30,0
945,223,239,83,334,626,124,30,39,1
1051,145,107,79,393,682,100,22,17,1
800,107,145,41,308,518,145,17,22,0
873,110,163,62,307,565,136,15,24,0
1134,163,110,59,422,765,144,24,15,1
927,127,160,42,339,607,155,20,20,0
1117,160,127,76,386,714,117,20,20,1
935,139,158,49,318,627,146,20,23,0
1039,157,139,80,389,684,164,23,20,1
896,126,161,51,337,584,132,18,23,0
1080,161,126,81,397,691,93,23,18,1
1081,242,211,97,379,715,131,33,31,1
922,210,242,75,333,605,158,31,33,0
1073,166,146,54,372,699,163,26,17,1
971,146,166,58,332,645,130,17,26,0
1071,205,177,94,388,701,160,36,18,1
957,177,205,74,339,638,143,18,36,0
954,161,178,70,346,610,128,23,26,0
1046,178,161,114,391,666,116,26,23,1
868,132,154,50,329,571,135,18,25,0
1033,154,132,70,345,672,153,25,18,1
957,158,191,58,349,621,147,24,25,0
1077,186,158,53,371,713,155,24,23,1
986,147,129,48,374,643,183,21,20,1
845,128,152,45,343,597,148,21,22,0
1089,135,99,67,414,703,149,17,17,1
882,99,135,49,328,594,122,17,17,0
826,112,160,51,309,554,122,17,23,0
1107,160,112,44,377,710,123,23,17,1
1021,224,227,111,368,674,139,29,34,0
1018,227,224,120,364,654,144,34,29,1
1038,186,177,70,375,691,130,30,21,1
965,177,186,52,353,658,183,21,30,0
959,218,225,118,365,624,113,29,36,1
988,225,218,89,353,657,145,36,29,0
1018,217,201,102,373,658,159,33,26,1
968,200,218,89,359,622,150,26,33,0
1031,255,237,116,369,656,123,42,29,1
979,237,255,97,347,660,142,29,42,0
986,220,206,78,352,642,177,35,28,1
967,206,220,101,337,647,140,28,35,0
891,273,311,128,346,595,148,45,41,0
1020,310,273,140,386,679,180,41,45,1
1047,386,339,173,390,687,154,54,50,1
932,338,390,141,348,610,167,50,54,0
